{
  "airplane": {
    "precision": 0.7362745098039216,
    "recall": 0.751,
    "f1-score": 0.7435643564356436,
    "support": 1000.0
  },
  "automobile": {
    "precision": 0.806949806949807,
    "recall": 0.836,
    "f1-score": 0.8212180746561886,
    "support": 1000.0
  },
  "bird": {
    "precision": 0.6797979797979798,
    "recall": 0.673,
    "f1-score": 0.6763819095477387,
    "support": 1000.0
  },
  "cat": {
    "precision": 0.5667330677290837,
    "recall": 0.569,
    "f1-score": 0.5678642714570858,
    "support": 1000.0
  },
  "deer": {
    "precision": 0.694331983805668,
    "recall": 0.686,
    "f1-score": 0.6901408450704225,
    "support": 1000.0
  },
  "dog": {
    "precision": 0.6635120925341745,
    "recall": 0.631,
    "f1-score": 0.6468477703741671,
    "support": 1000.0
  },
  "frog": {
    "precision": 0.7661596958174905,
    "recall": 0.806,
    "f1-score": 0.7855750487329435,
    "support": 1000.0
  },
  "horse": {
    "precision": 0.7967567567567567,
    "recall": 0.737,
    "f1-score": 0.7657142857142857,
    "support": 1000.0
  },
  "ship": {
    "precision": 0.8178331735378715,
    "recall": 0.853,
    "f1-score": 0.8350465002447381,
    "support": 1000.0
  },
  "truck": {
    "precision": 0.8012108980827447,
    "recall": 0.794,
    "f1-score": 0.7975891511803114,
    "support": 1000.0
  },
  "accuracy": 0.7336,
  "macro avg": {
    "precision": 0.7329559964815499,
    "recall": 0.7336,
    "f1-score": 0.7329942213413525,
    "support": 10000.0
  },
  "weighted avg": {
    "precision": 0.7329559964815499,
    "recall": 0.7336,
    "f1-score": 0.7329942213413525,
    "support": 10000.0
  }
}