{
  "glioma": {
    "precision": 0.882183908045977,
    "recall": 0.7675,
    "f1-score": 0.820855614973262,
    "support": 400.0
  },
  "meningioma": {
    "precision": 0.8459657701711492,
    "recall": 0.865,
    "f1-score": 0.8553770086526576,
    "support": 400.0
  },
  "notumor": {
    "precision": 0.8466522678185745,
    "recall": 0.98,
    "f1-score": 0.9084588644264194,
    "support": 400.0
  },
  "pituitary": {
    "precision": 0.95,
    "recall": 0.9025,
    "f1-score": 0.9256410256410257,
    "support": 400.0
  },
  "accuracy": 0.87875,
  "macro avg": {
    "precision": 0.8812004865089251,
    "recall": 0.8787499999999999,
    "f1-score": 0.8775831284233411,
    "support": 1600.0
  },
  "weighted avg": {
    "precision": 0.8812004865089252,
    "recall": 0.87875,
    "f1-score": 0.8775831284233411,
    "support": 1600.0
  }
}