{
  "glioma": {
    "precision": 0.9967637540453075,
    "recall": 0.77,
    "f1-score": 0.8688293370944993,
    "support": 400.0
  },
  "meningioma": {
    "precision": 0.8761467889908257,
    "recall": 0.955,
    "f1-score": 0.9138755980861244,
    "support": 400.0
  },
  "notumor": {
    "precision": 0.910958904109589,
    "recall": 0.9975,
    "f1-score": 0.9522673031026253,
    "support": 400.0
  },
  "pituitary": {
    "precision": 0.9568345323741008,
    "recall": 0.9975,
    "f1-score": 0.9767441860465116,
    "support": 400.0
  },
  "accuracy": 0.93,
  "macro avg": {
    "precision": 0.9351759948799556,
    "recall": 0.93,
    "f1-score": 0.9279291060824402,
    "support": 1600.0
  },
  "weighted avg": {
    "precision": 0.9351759948799557,
    "recall": 0.93,
    "f1-score": 0.92792910608244,
    "support": 1600.0
  }
}