{
  "AnnualCrop": {
    "precision": 0.9605263157894737,
    "recall": 0.9733333333333334,
    "f1-score": 0.9668874172185431,
    "support": 300.0
  },
  "Forest": {
    "precision": 0.9866220735785953,
    "recall": 0.9833333333333333,
    "f1-score": 0.9849749582637729,
    "support": 300.0
  },
  "HerbaceousVegetation": {
    "precision": 0.9630872483221476,
    "recall": 0.9566666666666667,
    "f1-score": 0.959866220735786,
    "support": 300.0
  },
  "Highway": {
    "precision": 0.9838056680161943,
    "recall": 0.972,
    "f1-score": 0.9778672032193159,
    "support": 250.0
  },
  "Industrial": {
    "precision": 0.984,
    "recall": 0.984,
    "f1-score": 0.984,
    "support": 250.0
  },
  "Pasture": {
    "precision": 0.9509803921568627,
    "recall": 0.97,
    "f1-score": 0.9603960396039604,
    "support": 200.0
  },
  "PermanentCrop": {
    "precision": 0.9710743801652892,
    "recall": 0.94,
    "f1-score": 0.9552845528455285,
    "support": 250.0
  },
  "Residential": {
    "precision": 0.9834983498349835,
    "recall": 0.9933333333333333,
    "f1-score": 0.988391376451078,
    "support": 300.0
  },
  "River": {
    "precision": 0.976,
    "recall": 0.976,
    "f1-score": 0.976,
    "support": 250.0
  },
  "SeaLake": {
    "precision": 0.9867986798679867,
    "recall": 0.9966666666666667,
    "f1-score": 0.9917081260364843,
    "support": 300.0
  },
  "accuracy": 0.9751851851851852,
  "macro avg": {
    "precision": 0.9746393107731534,
    "recall": 0.9745333333333331,
    "f1-score": 0.9745375894374467,
    "support": 2700.0
  },
  "weighted avg": {
    "precision": 0.9752132928498889,
    "recall": 0.9751851851851852,
    "f1-score": 0.9751539172402602,
    "support": 2700.0
  }
}