{
  "glioma": {
    "precision": 0.9006410256410257,
    "recall": 0.7025,
    "f1-score": 0.7893258426966292,
    "support": 400.0
  },
  "meningioma": {
    "precision": 0.8359375,
    "recall": 0.8025,
    "f1-score": 0.8188775510204082,
    "support": 400.0
  },
  "notumor": {
    "precision": 0.8135245901639344,
    "recall": 0.9925,
    "f1-score": 0.8941441441441441,
    "support": 400.0
  },
  "pituitary": {
    "precision": 0.9014423076923077,
    "recall": 0.9375,
    "f1-score": 0.9191176470588235,
    "support": 400.0
  },
  "accuracy": 0.85875,
  "macro avg": {
    "precision": 0.862886355874317,
    "recall": 0.85875,
    "f1-score": 0.8553662962300012,
    "support": 1600.0
  },
  "weighted avg": {
    "precision": 0.862886355874317,
    "recall": 0.85875,
    "f1-score": 0.8553662962300013,
    "support": 1600.0
  }
}