{
  "glioma": {
    "precision": 0.9865319865319865,
    "recall": 0.7325,
    "f1-score": 0.8407460545193687,
    "support": 400.0
  },
  "meningioma": {
    "precision": 0.8175519630484989,
    "recall": 0.885,
    "f1-score": 0.8499399759903962,
    "support": 400.0
  },
  "notumor": {
    "precision": 0.868421052631579,
    "recall": 0.99,
    "f1-score": 0.9252336448598131,
    "support": 400.0
  },
  "pituitary": {
    "precision": 0.9347826086956522,
    "recall": 0.9675,
    "f1-score": 0.9508599508599509,
    "support": 400.0
  },
  "accuracy": 0.89375,
  "macro avg": {
    "precision": 0.9018219027269292,
    "recall": 0.89375,
    "f1-score": 0.8916949065573823,
    "support": 1600.0
  },
  "weighted avg": {
    "precision": 0.9018219027269291,
    "recall": 0.89375,
    "f1-score": 0.8916949065573821,
    "support": 1600.0
  }
}