{
  "AnnualCrop": {
    "precision": 0.8081761006289309,
    "recall": 0.8566666666666667,
    "f1-score": 0.8317152103559871,
    "support": 300.0
  },
  "Forest": {
    "precision": 0.8501628664495114,
    "recall": 0.87,
    "f1-score": 0.8599670510708401,
    "support": 300.0
  },
  "HerbaceousVegetation": {
    "precision": 0.7539936102236422,
    "recall": 0.7866666666666666,
    "f1-score": 0.7699836867862969,
    "support": 300.0
  },
  "Highway": {
    "precision": 0.610655737704918,
    "recall": 0.596,
    "f1-score": 0.6032388663967612,
    "support": 250.0
  },
  "Industrial": {
    "precision": 0.9333333333333333,
    "recall": 0.896,
    "f1-score": 0.9142857142857143,
    "support": 250.0
  },
  "Pasture": {
    "precision": 0.6640316205533597,
    "recall": 0.84,
    "f1-score": 0.7417218543046358,
    "support": 200.0
  },
  "PermanentCrop": {
    "precision": 0.6704545454545454,
    "recall": 0.708,
    "f1-score": 0.688715953307393,
    "support": 250.0
  },
  "Residential": {
    "precision": 0.9131832797427653,
    "recall": 0.9466666666666667,
    "f1-score": 0.9296235679214403,
    "support": 300.0
  },
  "River": {
    "precision": 0.8188405797101449,
    "recall": 0.452,
    "f1-score": 0.5824742268041238,
    "support": 250.0
  },
  "SeaLake": {
    "precision": 0.8461538461538461,
    "recall": 0.88,
    "f1-score": 0.8627450980392157,
    "support": 300.0
  },
  "accuracy": 0.79,
  "macro avg": {
    "precision": 0.7868985519954996,
    "recall": 0.7832,
    "f1-score": 0.7784471229272409,
    "support": 2700.0
  },
  "weighted avg": {
    "precision": 0.7935660311559319,
    "recall": 0.79,
    "f1-score": 0.7858272019672441,
    "support": 2700.0
  }
}