{
  "airplane": {
    "precision": 0.9333333333333333,
    "recall": 0.854,
    "f1-score": 0.8919060052219321,
    "support": 1000.0
  },
  "automobile": {
    "precision": 0.9677754677754677,
    "recall": 0.931,
    "f1-score": 0.9490316004077471,
    "support": 1000.0
  },
  "bird": {
    "precision": 0.8477011494252874,
    "recall": 0.885,
    "f1-score": 0.8659491193737769,
    "support": 1000.0
  },
  "cat": {
    "precision": 0.7542213883677298,
    "recall": 0.804,
    "f1-score": 0.7783155856727977,
    "support": 1000.0
  },
  "deer": {
    "precision": 0.9087136929460581,
    "recall": 0.876,
    "f1-score": 0.8920570264765784,
    "support": 1000.0
  },
  "dog": {
    "precision": 0.8285714285714286,
    "recall": 0.812,
    "f1-score": 0.8202020202020202,
    "support": 1000.0
  },
  "frog": {
    "precision": 0.9083820662768031,
    "recall": 0.932,
    "f1-score": 0.9200394866732478,
    "support": 1000.0
  },
  "horse": {
    "precision": 0.9442691903259727,
    "recall": 0.898,
    "f1-score": 0.920553562275756,
    "support": 1000.0
  },
  "ship": {
    "precision": 0.9135446685878963,
    "recall": 0.951,
    "f1-score": 0.9318961293483586,
    "support": 1000.0
  },
  "truck": {
    "precision": 0.8991436726926736,
    "recall": 0.945,
    "f1-score": 0.9215017064846417,
    "support": 1000.0
  },
  "accuracy": 0.8888,
  "macro avg": {
    "precision": 0.890565605830265,
    "recall": 0.8888,
    "f1-score": 0.8891452242136857,
    "support": 10000.0
  },
  "weighted avg": {
    "precision": 0.8905656058302651,
    "recall": 0.8888,
    "f1-score": 0.8891452242136857,
    "support": 10000.0
  }
}