{
  "airplane": {
    "precision": 0.6681943171402384,
    "recall": 0.729,
    "f1-score": 0.697274031563845,
    "support": 1000.0
  },
  "automobile": {
    "precision": 0.8213457076566125,
    "recall": 0.708,
    "f1-score": 0.7604726100966702,
    "support": 1000.0
  },
  "bird": {
    "precision": 0.6052934407364787,
    "recall": 0.526,
    "f1-score": 0.5628678437667202,
    "support": 1000.0
  },
  "cat": {
    "precision": 0.5322391559202814,
    "recall": 0.454,
    "f1-score": 0.4900161899622234,
    "support": 1000.0
  },
  "deer": {
    "precision": 0.6183844011142061,
    "recall": 0.666,
    "f1-score": 0.641309581126625,
    "support": 1000.0
  },
  "dog": {
    "precision": 0.5809893307468477,
    "recall": 0.599,
    "f1-score": 0.5898572131954702,
    "support": 1000.0
  },
  "frog": {
    "precision": 0.6278538812785388,
    "recall": 0.825,
    "f1-score": 0.7130509939498704,
    "support": 1000.0
  },
  "horse": {
    "precision": 0.7612456747404844,
    "recall": 0.66,
    "f1-score": 0.7070166041778254,
    "support": 1000.0
  },
  "ship": {
    "precision": 0.7379912663755459,
    "recall": 0.845,
    "f1-score": 0.7878787878787878,
    "support": 1000.0
  },
  "truck": {
    "precision": 0.7755331088664422,
    "recall": 0.691,
    "f1-score": 0.730830248545743,
    "support": 1000.0
  },
  "accuracy": 0.6703,
  "macro avg": {
    "precision": 0.6729070284575676,
    "recall": 0.6702999999999999,
    "f1-score": 0.6680574104263781,
    "support": 10000.0
  },
  "weighted avg": {
    "precision": 0.6729070284575677,
    "recall": 0.6703,
    "f1-score": 0.668057410426378,
    "support": 10000.0
  }
}