{
  "airplane": {
    "precision": 0.6941309255079007,
    "recall": 0.615,
    "f1-score": 0.6521739130434783,
    "support": 1000.0
  },
  "automobile": {
    "precision": 0.7788944723618091,
    "recall": 0.775,
    "f1-score": 0.7769423558897243,
    "support": 1000.0
  },
  "bird": {
    "precision": 0.6136087484811664,
    "recall": 0.505,
    "f1-score": 0.5540318156884256,
    "support": 1000.0
  },
  "cat": {
    "precision": 0.4404332129963899,
    "recall": 0.488,
    "f1-score": 0.4629981024667932,
    "support": 1000.0
  },
  "deer": {
    "precision": 0.5992217898832685,
    "recall": 0.616,
    "f1-score": 0.6074950690335306,
    "support": 1000.0
  },
  "dog": {
    "precision": 0.5364635364635365,
    "recall": 0.537,
    "f1-score": 0.5367316341829086,
    "support": 1000.0
  },
  "frog": {
    "precision": 0.7074468085106383,
    "recall": 0.665,
    "f1-score": 0.6855670103092784,
    "support": 1000.0
  },
  "horse": {
    "precision": 0.6842105263157895,
    "recall": 0.663,
    "f1-score": 0.6734382935500254,
    "support": 1000.0
  },
  "ship": {
    "precision": 0.7257617728531855,
    "recall": 0.786,
    "f1-score": 0.7546807489198272,
    "support": 1000.0
  },
  "truck": {
    "precision": 0.6786632390745502,
    "recall": 0.792,
    "f1-score": 0.7309644670050761,
    "support": 1000.0
  },
  "accuracy": 0.6442,
  "macro avg": {
    "precision": 0.6458835032448235,
    "recall": 0.6442,
    "f1-score": 0.6435023410089068,
    "support": 10000.0
  },
  "weighted avg": {
    "precision": 0.6458835032448236,
    "recall": 0.6442,
    "f1-score": 0.6435023410089068,
    "support": 10000.0
  }
}