{
  "airplane": {
    "precision": 0.8471153846153846,
    "recall": 0.881,
    "f1-score": 0.8637254901960785,
    "support": 1000.0
  },
  "automobile": {
    "precision": 0.930824008138352,
    "recall": 0.915,
    "f1-score": 0.9228441754916793,
    "support": 1000.0
  },
  "bird": {
    "precision": 0.8418201516793066,
    "recall": 0.777,
    "f1-score": 0.8081123244929798,
    "support": 1000.0
  },
  "cat": {
    "precision": 0.665016501650165,
    "recall": 0.806,
    "f1-score": 0.72875226039783,
    "support": 1000.0
  },
  "deer": {
    "precision": 0.8748707342295761,
    "recall": 0.846,
    "f1-score": 0.8601931875953228,
    "support": 1000.0
  },
  "dog": {
    "precision": 0.8353591160220994,
    "recall": 0.756,
    "f1-score": 0.7937007874015748,
    "support": 1000.0
  },
  "frog": {
    "precision": 0.8955223880597015,
    "recall": 0.9,
    "f1-score": 0.8977556109725686,
    "support": 1000.0
  },
  "horse": {
    "precision": 0.8895705521472392,
    "recall": 0.87,
    "f1-score": 0.8796764408493428,
    "support": 1000.0
  },
  "ship": {
    "precision": 0.9204431017119838,
    "recall": 0.914,
    "f1-score": 0.9172102358253889,
    "support": 1000.0
  },
  "truck": {
    "precision": 0.9104627766599598,
    "recall": 0.905,
    "f1-score": 0.9077231695085256,
    "support": 1000.0
  },
  "accuracy": 0.857,
  "macro avg": {
    "precision": 0.8611004714913768,
    "recall": 0.857,
    "f1-score": 0.8579693682731291,
    "support": 10000.0
  },
  "weighted avg": {
    "precision": 0.861100471491377,
    "recall": 0.857,
    "f1-score": 0.857969368273129,
    "support": 10000.0
  }
}