{
  "AnnualCrop": {
    "precision": 0.9601328903654485,
    "recall": 0.9633333333333334,
    "f1-score": 0.961730449251248,
    "support": 300.0
  },
  "Forest": {
    "precision": 0.9836065573770492,
    "recall": 1.0,
    "f1-score": 0.9917355371900827,
    "support": 300.0
  },
  "HerbaceousVegetation": {
    "precision": 0.941747572815534,
    "recall": 0.97,
    "f1-score": 0.9556650246305419,
    "support": 300.0
  },
  "Highway": {
    "precision": 0.9829059829059829,
    "recall": 0.92,
    "f1-score": 0.9504132231404959,
    "support": 250.0
  },
  "Industrial": {
    "precision": 0.9612403100775194,
    "recall": 0.992,
    "f1-score": 0.9763779527559056,
    "support": 250.0
  },
  "Pasture": {
    "precision": 0.941747572815534,
    "recall": 0.97,
    "f1-score": 0.9556650246305419,
    "support": 200.0
  },
  "PermanentCrop": {
    "precision": 0.9508196721311475,
    "recall": 0.928,
    "f1-score": 0.9392712550607287,
    "support": 250.0
  },
  "Residential": {
    "precision": 0.9933333333333333,
    "recall": 0.9933333333333333,
    "f1-score": 0.9933333333333333,
    "support": 300.0
  },
  "River": {
    "precision": 0.9552845528455285,
    "recall": 0.94,
    "f1-score": 0.9475806451612904,
    "support": 250.0
  },
  "SeaLake": {
    "precision": 0.9932659932659933,
    "recall": 0.9833333333333333,
    "f1-score": 0.9882747068676717,
    "support": 300.0
  },
  "accuracy": 0.9674074074074074,
  "macro avg": {
    "precision": 0.966408443793307,
    "recall": 0.9659999999999999,
    "f1-score": 0.9660047152021841,
    "support": 2700.0
  },
  "weighted avg": {
    "precision": 0.9676066845186514,
    "recall": 0.9674074074074074,
    "f1-score": 0.96732055160651,
    "support": 2700.0
  }
}