{
  "glioma": {
    "precision": 0.9535714285714286,
    "recall": 0.6675,
    "f1-score": 0.7852941176470588,
    "support": 400.0
  },
  "meningioma": {
    "precision": 0.7455012853470437,
    "recall": 0.725,
    "f1-score": 0.7351077313054499,
    "support": 400.0
  },
  "notumor": {
    "precision": 0.7393715341959335,
    "recall": 1.0,
    "f1-score": 0.8501594048884166,
    "support": 400.0
  },
  "pituitary": {
    "precision": 0.9333333333333333,
    "recall": 0.91,
    "f1-score": 0.9215189873417722,
    "support": 400.0
  },
  "accuracy": 0.825625,
  "macro avg": {
    "precision": 0.8429443953619349,
    "recall": 0.825625,
    "f1-score": 0.8230200602956744,
    "support": 1600.0
  },
  "weighted avg": {
    "precision": 0.8429443953619348,
    "recall": 0.825625,
    "f1-score": 0.8230200602956743,
    "support": 1600.0
  }
}