{
  "AnnualCrop": {
    "precision": 0.9315960912052117,
    "recall": 0.9533333333333334,
    "f1-score": 0.942339373970346,
    "support": 300.0
  },
  "Forest": {
    "precision": 0.97,
    "recall": 0.97,
    "f1-score": 0.97,
    "support": 300.0
  },
  "HerbaceousVegetation": {
    "precision": 0.9276315789473685,
    "recall": 0.94,
    "f1-score": 0.9337748344370861,
    "support": 300.0
  },
  "Highway": {
    "precision": 0.892,
    "recall": 0.892,
    "f1-score": 0.892,
    "support": 250.0
  },
  "Industrial": {
    "precision": 0.963855421686747,
    "recall": 0.96,
    "f1-score": 0.9619238476953907,
    "support": 250.0
  },
  "Pasture": {
    "precision": 0.8926829268292683,
    "recall": 0.915,
    "f1-score": 0.9037037037037037,
    "support": 200.0
  },
  "PermanentCrop": {
    "precision": 0.9180327868852459,
    "recall": 0.896,
    "f1-score": 0.9068825910931174,
    "support": 250.0
  },
  "Residential": {
    "precision": 0.9866220735785953,
    "recall": 0.9833333333333333,
    "f1-score": 0.9849749582637729,
    "support": 300.0
  },
  "River": {
    "precision": 0.9361702127659575,
    "recall": 0.88,
    "f1-score": 0.9072164948453608,
    "support": 250.0
  },
  "SeaLake": {
    "precision": 0.9706840390879479,
    "recall": 0.9933333333333333,
    "f1-score": 0.9818780889621087,
    "support": 300.0
  },
  "accuracy": 0.9414814814814815,
  "macro avg": {
    "precision": 0.9389275130986343,
    "recall": 0.9383000000000001,
    "f1-score": 0.9384693892970887,
    "support": 2700.0
  },
  "weighted avg": {
    "precision": 0.9414856761281771,
    "recall": 0.9414814814814815,
    "f1-score": 0.9413469077182229,
    "support": 2700.0
  }
}